id,name,law_label,source_url,duration_literary,duration_literary_special,duration_software,duration_software_special,reproduction,distribution,communication,rental,translation,rights_note,reproduction_article,distribution_article,communication_article,rental_article,translation_article,in_force_since,last_amended,private_copy_exception
DE,Germany,UrhG,https://www.gesetze-im-internet.de/urhg/,"70 years pma",none,"70 years pma","software protected as computer program if original",true,true,true,true,true,"Five rights are collapsed from UrhG exploitation rights; communication includes public performance and making available.",§ 16 UrhG,§ 17 UrhG,§§ 19-22 UrhG,§ 27 UrhG,§ 23 UrhG,1966,2021,Yes (§ 53 UrhG)
UK,United Kingdom,CDPA 1988,https://www.legislation.gov.uk/ukpga/1988/48,"70 years pma","calculated from end of calendar year","70 years pma","computer programs treated as literary works",true,true,true,true,true,"Communication includes performance, showing, playing, and communication to the public; translation is folded into adaptation.",s. 17,s. 18,s. 19-20,s. 18A,s. 21,1989,2024,"No; private study/fair dealing only (s. 29)"
US,United States,17 U.S.C.,https://uscode.house.gov/browse/prelim@title17,"70 years pma","works made for hire may use publication/creation term","70 years pma","software protected as literary work; works made for hire may differ",true,true,true,false,true,"Rental is not modeled as a general exclusive right; derivative works are folded into translation/adaptation.",§ 106(1),§ 106(3),§ 106(4)-(6),-,§ 106(2),1978,2022,Fair use (§ 107)
FR,France,Code de la propriete intellectuelle,https://www.legifrance.gouv.fr/codes/texte_lc/LEGITEXT000006069414/,"70 years pma","war-related and other special terms may apply","70 years pma","software has specific exploitation provisions but same general duration",true,true,true,true,true,"French representation and reproduction rights are mapped into the five canonical prototype rights.",L122-3,L122-3-1,L122-2,L122-6,L122-4,1992,2023,Yes (L122-5)
IT,Italy,Law 633/1941,https://www.normattiva.it/atto/caricaDettaglioAtto?atto.codiceRedazionale=041U0633,"70 years pma",none,"70 years pma","software protected as intellectual work if original",true,true,true,true,true,"Italian economic-use rights are collapsed into reproduction, distribution, communication, rental, and translation/adaptation.",Art. 13,Art. 17,Art. 15,Art. 18-bis,Art. 18,1941,2021,Yes (Art. 71-sexies)
CH,Switzerland,URG,https://www.fedlex.admin.ch/eli/cc/1993/1798_1798_1798/en,"70 years pma","computer programs differ","50 years pma","software/computer programs use shorter duration",true,true,true,true,true,"Swiss use rights are mapped to the five canonical prototype rights; rental mainly concerns software in the simplified model.",Art. 10(2)(a),Art. 10(2)(b),Art. 10(2)(c)-(f),Art. 13,Art. 11,1993,2020,Yes (Art. 19 URG)
EU,European Union,Directives 2006/116 and 2001/29,https://eur-lex.europa.eu/legal-content/EN/TXT/?uri=CELEX:32006L0116,"70 years pma","directive harmonizes general term","70 years pma","software follows EU copyright framework subject to member-state implementation",true,true,true,true,true,"EU row represents harmonized directive-level concepts, not a single national copyright statute.",Art. 2 InfoSoc,Art. 4 InfoSoc,Art. 3 InfoSoc,Art. 3 Rental Directive,Art. 4 Software Directive,2001,2019,Yes (Art. 5(2)(b) InfoSoc)
CA,Canada,Copyright Act,https://laws-lois.justice.gc.ca/eng/acts/C-42/,"70 years pma","term runs after end of calendar year","70 years pma","software generally protected as literary work",true,true,true,true,true,"Canadian copyright rights are collapsed into the five prototype exploitation-right columns.",s. 3(1),s. 3(1)(j),s. 3(1)(f),s. 3(1)(i),s. 3(1)(a),1924,2022,Yes (s. 29.22)
NZ,New Zealand,Copyright Act 1994,https://www.legislation.govt.nz/act/public/1994/0143/latest/whole.html,"50 years pma","calculated from end of calendar year","50 years pma","computer programs protected as literary works",true,true,true,true,true,"New Zealand restricted acts are mapped into the five canonical prototype rights.",s. 30,s. 31,s. 32-33,s. 9 and s. 16,s. 34,1995,2020,Yes (s. 81A)
